epoch,c_loss,g_loss
0,-0.26632237434387207,-7.030599594116211
1,0.04994252324104309,-0.7529098391532898
2,0.027232863008975983,0.22268164157867432
3,0.08766483515501022,0.029372477903962135
4,0.03576711565256119,0.09246644377708435
5,-0.012296106666326523,0.1902609020471573
6,0.18246960639953613,-0.008378376252949238
7,-0.0869758278131485,0.8599307537078857
8,0.23851585388183594,-0.05442054942250252
9,-0.2400771975517273,-1.9654520750045776
10,0.022856980562210083,0.7099292874336243
11,-0.16625314950942993,-0.8324154019355774
12,-0.3142414391040802,-0.6549819111824036
13,0.1722700446844101,1.2823406457901
14,-1.6231416463851929,-2.2994110584259033
15,-0.7088112831115723,-3.7958319187164307
16,-1.568350911140442,-1.813433289527893
17,-2.030825138092041,-1.099122405052185
18,-0.903144359588623,-3.655412435531616
19,0.5788345336914062,-6.7949042320251465
20,1.6971254348754883,-0.9071334004402161
21,-2.798053503036499,-8.74905014038086
22,-2.268465042114258,-1.6543060541152954
23,-0.2829904556274414,-5.2363667488098145
24,1.181025505065918,-9.455405235290527
25,3.3771119117736816,-0.008043606765568256
26,0.26288795471191406,2.0607779026031494
27,-2.374143123626709,-8.09420394897461
28,-4.5648651123046875,-12.809783935546875
29,-1.4969701766967773,-14.950037956237793
30,-0.5706892013549805,-11.630532264709473
31,2.5194473266601562,-3.6947860717773438
32,-4.213654518127441,-23.54250144958496
33,-7.072089195251465,-1.4459267854690552
34,-0.4538764953613281,-21.385297775268555
35,-8.3185396194458,-25.432138442993164
36,0.5918006896972656,-34.75086212158203
37,6.8831024169921875,-31.5581111907959
38,-2.3662681579589844,-14.331222534179688
39,2.5117740631103516,-20.016220092773438
40,-3.8914384841918945,-17.465723037719727
41,-10.395193099975586,-21.09919548034668
42,2.2646632194519043,-9.35410213470459
43,0.6488094329833984,-41.32146072387695
44,-1.57861328125,-28.0653018951416
45,-10.637170791625977,-39.107906341552734
46,0.42540740966796875,-51.7111701965332
47,10.06173324584961,-92.55297088623047
48,-4.675605773925781,-49.35910415649414
49,-2.5163722038269043,14.192550659179688
50,-12.709075927734375,-93.6375961303711
51,-6.078615188598633,6.33104133605957
52,-3.4027252197265625,-33.35993957519531
53,3.3332290649414062,-87.73041534423828
54,-10.402942657470703,-102.98413848876953
55,-1.8950042724609375,-84.24708557128906
56,-10.394081115722656,-27.965734481811523
57,-14.138648986816406,-29.646215438842773
58,-17.88664436340332,-38.869937896728516
59,-0.9342126846313477,-39.9835205078125
60,-14.018299102783203,-132.8025665283203
61,12.007022857666016,-100.5696029663086
62,-43.30768585205078,-32.15605545043945
63,-15.230342864990234,-70.73006439208984
64,2.9258956909179688,-183.7758026123047
65,-18.781280517578125,-120.2945556640625
66,-4.5461883544921875,-95.2741928100586
67,-35.713619232177734,-26.242280960083008
68,-12.65921401977539,-42.46719741821289
69,11.009933471679688,-93.8656005859375
70,-5.826507568359375,-284.9151916503906
71,-2.5009307861328125,-163.49876403808594
72,-14.127761840820312,-89.6384506225586
73,-23.482254028320312,-158.0205535888672
74,4.9484710693359375,-103.79373931884766
75,-31.838768005371094,-52.09296798706055
76,-21.966934204101562,-109.74108123779297
77,12.52239990234375,-155.2874298095703
78,-23.04857635498047,-158.80906677246094
79,-10.890094757080078,-80.19534301757812
80,17.558502197265625,-180.35752868652344
81,2.47369384765625,-83.47643280029297
82,3.2468414306640625,-291.6358642578125
83,-0.559051513671875,-173.0145721435547
84,-13.278564453125,-210.483154296875
85,-16.702865600585938,-120.01849365234375
86,-11.6859130859375,-183.7701873779297
87,-26.42841339111328,-134.8188018798828
88,-21.07635498046875,-337.8128967285156
89,-11.272819519042969,-144.56494140625
90,-18.870338439941406,-175.6445770263672
91,-11.886978149414062,-286.7552795410156
92,0.0668487548828125,-215.3391571044922
93,-4.299324035644531,-204.7615203857422
94,-2.23583984375,-336.0047912597656
95,-26.793609619140625,-195.26051330566406
96,-9.879669189453125,-399.27392578125
97,-23.978240966796875,-282.29901123046875
98,-1.9319992065429688,-126.95697021484375
99,-65.09076690673828,-119.4625015258789
100,1.282440185546875,-203.556884765625
101,-20.401107788085938,58.14768600463867
102,22.0418701171875,-396.0701599121094
103,14.16119384765625,-158.5153045654297
104,-17.354736328125,-266.0174865722656
105,-37.60772705078125,-263.8503112792969
106,24.023338317871094,-131.55308532714844
107,35.849082946777344,-239.015869140625
108,-74.97584533691406,-364.1839904785156
109,-17.299560546875,-265.5429992675781
110,-68.98216247558594,-257.8149108886719
111,-9.941558837890625,-409.7317810058594
112,20.37554931640625,-275.137451171875
113,2.402099609375,-258.38916015625
114,-15.958663940429688,-318.7013854980469
115,-39.71552276611328,-183.33160400390625
116,14.176193237304688,-241.4215545654297
117,8.482772827148438,-206.326171875
118,23.667648315429688,-345.3670349121094
119,-78.74522399902344,-265.2633972167969
120,-17.359237670898438,-491.3853454589844
121,-0.5477142333984375,-267.3238830566406
122,-23.61768341064453,-63.39183044433594
123,-98.27125549316406,-357.5511779785156
124,-60.89801025390625,-246.2085418701172
125,-44.24931335449219,-386.0022277832031
126,-12.192626953125,-335.7030334472656
127,31.77606201171875,-362.8405456542969
128,-16.892044067382812,-464.2523498535156
129,-19.562515258789062,-199.520263671875
130,10.0687255859375,-249.7504425048828
131,-4.93768310546875,-519.0824584960938
132,2.8328857421875,-314.792236328125
133,33.27403259277344,-247.303955078125
134,-4.7960052490234375,-347.9964904785156
135,-0.7774505615234375,-274.50018310546875
136,-0.332122802734375,-289.6483154296875
137,-53.73199462890625,-393.5780334472656
138,-41.72920227050781,-476.7044372558594
139,-52.46186828613281,-261.3232116699219
140,-39.06170654296875,-333.4638977050781
141,-11.49847412109375,-218.6916961669922
142,14.444900512695312,-190.95799255371094
143,-45.17198181152344,-373.4678649902344
144,-68.38577270507812,-288.1491394042969
145,-7.3499755859375,-411.163330078125
146,-26.463134765625,-341.6571960449219
147,-153.12322998046875,-264.1777038574219
148,-4.326751708984375,-303.1175231933594
149,-25.377471923828125,-655.8768920898438
150,-92.76409912109375,-323.5130310058594
151,-0.3770294189453125,-290.6360168457031
152,-69.81462097167969,-402.0824279785156
153,102.39523315429688,-438.1814880371094
154,-28.38037109375,-414.6346130371094
155,41.34220886230469,-362.8352355957031
156,-29.93896484375,-364.1424865722656
157,-54.94386291503906,-335.3287048339844
158,-50.94303894042969,-226.6990966796875
159,-24.911651611328125,-533.0324096679688
160,-70.07289123535156,-317.6669006347656
161,21.33056640625,-561.7723999023438
162,-52.343475341796875,-484.7857666015625
163,-67.38751220703125,-246.2743682861328
164,-75.65901184082031,-449.9360656738281
165,-17.370574951171875,-313.8262939453125
166,-10.777252197265625,-502.2149658203125
167,-64.97760009765625,-464.5043029785156
168,5.2918701171875,-488.995849609375
169,-32.11726379394531,-371.1590881347656
170,-15.720245361328125,-523.4677734375
171,-35.4630126953125,-321.9427185058594
172,-34.7620849609375,-260.3064270019531
173,-6.912200927734375,-570.9166870117188
174,6.221588134765625,-596.0747680664062
175,-85.82618713378906,-432.3482666015625
176,-42.397552490234375,-400.0426940917969
177,30.381866455078125,-394.353759765625
178,-14.66278076171875,-495.9082946777344
179,-57.20549011230469,-423.0403137207031
180,-3.259979248046875,-553.7853393554688
181,-10.812744140625,-497.83203125
182,62.36163330078125,-482.5384521484375
183,-164.5147705078125,-179.7460479736328
184,-30.4273681640625,-569.9345703125
185,-23.140960693359375,-678.9178466796875
186,-138.74684143066406,-420.3627624511719
187,90.74418640136719,-567.2115478515625
188,-55.75103759765625,-296.5471496582031
189,-18.068359375,-539.938232421875
190,-101.22775268554688,-455.6915588378906
191,-45.340240478515625,-338.0516052246094
192,23.252426147460938,-354.2364196777344
193,-49.9835205078125,-630.7565307617188
194,-88.38052368164062,-378.0407409667969
195,-84.5113525390625,-627.6242065429688
196,-41.204010009765625,-582.0784912109375
197,29.38995361328125,-532.7548828125
198,-7.8634033203125,-297.0018615722656
199,-145.62689208984375,-22.2510929107666
200,-45.80580139160156,-309.2876892089844
201,-119.01406860351562,-440.6929626464844
202,-60.757415771484375,-383.0105895996094
203,-21.100433349609375,-286.4035339355469
204,6.2041015625,-338.7104187011719
205,-32.82489013671875,-401.66796875
206,-79.17913818359375,-567.7776489257812
207,-56.5963134765625,-602.5225830078125
208,-48.25799560546875,-409.435302734375
209,-79.85598754882812,-491.9765319824219
210,-39.355377197265625,-477.6236572265625
211,-50.770843505859375,-531.2815551757812
212,-7.966949462890625,-532.8877563476562
213,-8.26947021484375,-590.2333374023438
214,-78.17825317382812,-362.4872741699219
215,-59.71522521972656,-300.1153259277344
216,-112.89785766601562,-396.4745788574219
217,-73.44869995117188,-418.9922790527344
218,-85.60963439941406,-476.068603515625
219,-50.2684326171875,-426.9508361816406
220,-144.56436157226562,-270.2410583496094
221,-68.86067199707031,-491.9933166503906
222,-74.81661987304688,-370.8616638183594
223,-64.26171875,-772.4655151367188
224,-93.20785522460938,-432.897705078125
225,3.944244384765625,-393.6432189941406
226,4.1265106201171875,-428.2190856933594
227,-30.022293090820312,-394.7257385253906
228,-100.74288940429688,-729.1052856445312
229,-150.6773681640625,-420.2248840332031
230,-116.79461669921875,-688.3981323242188
231,-93.423828125,-524.7838745117188
232,79.71699523925781,-457.5859375
233,-86.06642150878906,-253.6598358154297
234,-29.750091552734375,-516.30029296875
235,-36.949554443359375,-666.8084716796875
236,-80.74899291992188,-262.4227294921875
237,67.58065795898438,-636.6826782226562
238,-37.14154052734375,-591.2125854492188
239,-16.52301025390625,-648.8973999023438
240,-54.642242431640625,-502.1194763183594
241,-119.58505249023438,-385.156494140625
242,12.358001708984375,-722.2916870117188
243,91.98895263671875,-529.6211547851562
244,-58.1771240234375,-501.3354187011719
245,-45.98277282714844,-276.1239318847656
246,161.5947265625,-405.8983154296875
247,15.77020263671875,-728.9105834960938
248,-24.802581787109375,-373.0889587402344
249,13.773773193359375,-730.1828002929688
250,-7.80487060546875,-482.2186584472656
251,-63.422515869140625,-792.5280151367188
252,43.7613525390625,-703.53759765625
253,-32.753509521484375,-555.4140014648438
254,-79.69863891601562,-705.4823608398438
255,-154.41500854492188,-665.9159545898438
256,13.607421875,-707.9625854492188
257,-100.42221069335938,-315.0683898925781
258,-79.2578125,-854.94921875
259,-122.01284790039062,-738.4358520507812
260,-132.97927856445312,-307.7834167480469
261,-46.671112060546875,-466.1524353027344
262,14.74664306640625,-499.0410461425781
263,-13.399627685546875,-503.331298828125
264,4.0499267578125,-480.2579040527344
265,-131.0481719970703,-310.878662109375
266,70.76904296875,-520.0424194335938
267,-79.27871704101562,-479.7091979980469
268,-66.73626708984375,-703.2346801757812
269,-79.98388671875,-499.3057556152344
270,-4.0893402099609375,-229.43736267089844
271,36.84428405761719,-499.8161315917969
272,-15.509902954101562,-232.5720977783203
273,27.413421630859375,-622.9155883789062
274,-111.77532958984375,-590.5429077148438
275,-150.63473510742188,-793.583984375
276,1.827728271484375,-658.607666015625
277,-25.90582275390625,-655.0734252929688
278,60.187408447265625,-711.2155151367188
279,-40.99993896484375,-573.61474609375
280,-33.4345703125,-536.7093505859375
281,-19.439239501953125,-479.5658264160156
282,-74.48196411132812,-512.1456909179688
283,-112.0987548828125,-372.285888671875
284,5.700042724609375,-358.9047546386719
285,43.56378173828125,-570.2288208007812
286,11.52008056640625,-708.4213256835938
287,-81.58615112304688,-500.9508056640625
288,-58.94084167480469,-406.8793029785156
289,-103.69137573242188,-433.694580078125
290,16.731170654296875,-627.7214965820312
291,-22.451019287109375,-444.429443359375
292,-91.37965393066406,-335.9139099121094
293,-75.00396728515625,-662.181640625
294,15.280059814453125,-288.0422058105469
295,-142.74111938476562,-459.8513488769531
296,-40.12884521484375,-1134.5982666015625
297,-90.5906982421875,-684.4889526367188
298,-17.140411376953125,-781.4494018554688
299,-89.01651000976562,-732.6594848632812
300,67.46533203125,-563.726806640625
301,93.54226684570312,-619.357421875
302,74.32037353515625,-1177.0120849609375
303,64.14370727539062,-544.6895141601562
304,-108.30210876464844,-403.6255798339844
305,-23.831207275390625,-639.41845703125
306,-95.08901977539062,-716.5584106445312
307,-13.804779052734375,-419.185791015625
308,-2.374908447265625,-433.3393859863281
309,145.07772827148438,-952.9807739257812
310,10.45953369140625,-580.0655517578125
311,-45.6126708984375,-495.0515441894531
312,-161.25277709960938,-456.78271484375
313,20.9454345703125,-545.2275390625
314,-52.64923095703125,-695.2874145507812
315,45.058837890625,-729.4124145507812
316,-26.723297119140625,-563.0426635742188
317,-207.876220703125,-781.0210571289062
318,-48.365814208984375,-379.7360534667969
319,-0.704681396484375,-626.738525390625
320,-57.163330078125,-894.08251953125
321,-59.031036376953125,-691.944580078125
322,24.832916259765625,-158.34703063964844
323,-9.68609619140625,-799.3833618164062
324,-130.06951904296875,-555.8749389648438
325,-93.83255004882812,-578.5769653320312
326,28.625152587890625,-707.3502807617188
327,-53.624359130859375,-675.86669921875
328,33.5369873046875,-884.2112426757812
329,-45.842529296875,-589.6796875
330,-96.24299621582031,-166.03636169433594
331,-16.069061279296875,-561.6099243164062
332,97.25411987304688,-1001.9851684570312
333,-73.09825134277344,-338.2980041503906
334,6.746246337890625,-741.1716918945312
335,-11.50543212890625,-587.7030639648438
336,-132.18576049804688,-509.4939880371094
337,-40.17083740234375,-945.4641723632812
338,-63.60943603515625,-707.5442504882812
339,-76.06179809570312,-652.7211303710938
340,10.9146728515625,-354.1465759277344
341,6.857818603515625,-400.9571533203125
342,-85.44662475585938,-606.2864990234375
343,-118.5836181640625,-834.0830078125
344,-13.299652099609375,-841.8010864257812
345,-119.4593505859375,-1004.2406616210938
346,-22.63775634765625,-450.2123107910156
347,-71.74441528320312,-507.7129821777344
348,121.34036254882812,-812.54638671875
349,-29.73126220703125,-610.4179077148438
350,2.5858612060546875,-452.4799499511719
351,-110.0777587890625,-349.5309753417969
352,-24.4244384765625,-591.6654663085938
353,-17.438919067382812,-530.457763671875
354,-34.026275634765625,-614.5771484375
355,-51.79913330078125,-541.65087890625
356,-145.960693359375,-553.5264282226562
357,-29.278717041015625,-563.365966796875
358,39.834014892578125,-549.880126953125
359,-65.15548706054688,-813.018798828125
360,-50.124420166015625,-674.6849975585938
361,-35.956878662109375,-558.1948852539062
362,6.38818359375,-788.12646484375
363,-19.05194091796875,-565.7616577148438
364,-24.23779296875,-436.7121887207031
365,-2.85150146484375,-678.2694702148438
366,-36.468017578125,-613.1622924804688
367,-8.736358642578125,-670.4037475585938
368,9.8341064453125,-509.2027282714844
369,-27.809814453125,-279.4154968261719
370,14.882171630859375,-557.5289306640625
371,-67.7674560546875,-675.4281616210938
372,114.19281005859375,-515.9067993164062
373,-38.2093505859375,-371.5527648925781
374,117.74270629882812,-612.3740844726562
375,101.73226928710938,-514.0479125976562
376,-4.89874267578125,-814.363037109375
377,47.023162841796875,-493.152587890625
378,28.612762451171875,-934.1316528320312
379,-114.45864868164062,-418.9430236816406
380,-99.1451416015625,-491.1441345214844
381,-34.263092041015625,-786.931640625
382,-23.652862548828125,-797.1044921875
383,16.050689697265625,-589.8085327148438
384,66.16998291015625,-441.4229431152344
385,-103.9781494140625,-660.2440795898438
386,-3.39276123046875,-439.8621520996094
387,-184.0873565673828,-71.48670959472656
388,34.763427734375,-650.4495239257812
389,-40.25677490234375,-681.4380493164062
390,-146.46737670898438,-837.1738891601562
391,-22.2669677734375,-1024.3199462890625
392,-58.13232421875,-776.6697387695312
393,84.88949584960938,-538.210205078125
394,43.220184326171875,-782.5077514648438
395,-76.00637817382812,-530.7501831054688
396,-48.4437255859375,-770.6865234375
397,-94.14178466796875,-408.6395568847656
398,85.790283203125,-687.4116821289062
399,-64.553466796875,-577.1757202148438
400,-5.751556396484375,-694.5999145507812
401,-24.14703369140625,-431.294189453125
402,-44.205352783203125,-592.5022583007812
403,33.541351318359375,-799.5369262695312
404,10.607635498046875,-425.7112121582031
405,-50.4176025390625,-648.5590209960938
406,71.95639038085938,-501.7581787109375
407,-47.3697509765625,-792.2805786132812
408,-59.92059326171875,-345.3031311035156
409,-52.5621337890625,-805.6257934570312
410,-97.72573852539062,-531.1112670898438
411,-29.31622314453125,-759.4924926757812
412,-171.25485229492188,-702.2716674804688
413,6.53521728515625,-711.4537963867188
414,41.8477783203125,-609.8355102539062
415,-74.62326049804688,-441.2891845703125
416,-62.426513671875,-613.8578491210938
417,-120.30929565429688,-843.409912109375
418,-46.953857421875,-662.5377807617188
419,-68.22576904296875,-392.0353698730469
420,-63.295654296875,-777.1428833007812
421,3.61822509765625,-582.1049194335938
422,-41.226409912109375,-351.40625
423,-63.88995361328125,-589.3004760742188
424,-24.385009765625,-755.8455200195312
425,-9.318267822265625,-667.1757202148438
426,61.53900146484375,-635.60986328125
427,-120.43670654296875,-316.002685546875
428,-50.505126953125,-710.746337890625
429,-233.75515747070312,-472.1927185058594
430,-181.34805297851562,-463.8121337890625
431,-60.9376220703125,-404.5179138183594
432,63.57611083984375,-530.0424194335938
433,-31.809722900390625,-635.8190307617188
434,-50.74444580078125,-804.2103881835938
435,-67.774169921875,-713.2412109375
436,-16.834930419921875,-541.6115112304688
437,-10.63519287109375,-579.795166015625
438,-35.020721435546875,-771.4132690429688
439,91.92581176757812,-725.9241333007812
440,-126.36410522460938,-778.840087890625
441,-40.69718933105469,-244.6510772705078
442,-93.1640625,-419.0650939941406
443,-33.619293212890625,-557.8749389648438
444,-128.03341674804688,-732.5276489257812
445,-16.6011962890625,-685.0386352539062
446,-92.16860961914062,-790.2793579101562
447,-53.96136474609375,-529.5642700195312
448,-38.12432861328125,-795.2088012695312
449,-228.01605224609375,-627.2138671875
450,37.043426513671875,-526.7103881835938
451,-122.549560546875,-658.4751586914062
452,36.28068542480469,-120.9449691772461
453,-29.35540771484375,-771.2074584960938
454,-151.12881469726562,-474.3941955566406
455,-86.76986694335938,-584.7289428710938
456,9.6038818359375,-600.0902709960938
457,-135.02667236328125,-562.3560180664062
458,-234.87551879882812,-713.494140625
459,-76.28369140625,-640.3142700195312
460,-60.062591552734375,-733.4249877929688
461,-46.69110107421875,-1015.568115234375
462,11.31988525390625,-599.8579711914062
463,-57.293212890625,-607.5743408203125
464,27.64501953125,-818.59619140625
465,79.33526611328125,-895.2058715820312
466,-85.64981079101562,-860.5751953125
467,-5.5347900390625,-578.2034301757812
468,-68.58251953125,-827.5474243164062
469,-108.79336547851562,-622.4319458007812
470,-199.736083984375,-840.69189453125
471,-43.16961669921875,-426.86962890625
472,229.53204345703125,-502.9117126464844
473,39.545928955078125,-641.0369262695312
474,-216.73126220703125,-709.0646362304688
475,-19.6160888671875,-629.261474609375
476,-64.89195251464844,-597.4564208984375
477,-128.69088745117188,-616.0540161132812
478,-8.04840087890625,-515.6948852539062
479,39.413330078125,-491.1552734375
480,-234.94479370117188,-546.6892700195312
481,7.00482177734375,-908.1393432617188
482,-96.88800048828125,-583.618408203125
483,-136.28741455078125,-529.97412109375
484,10.71923828125,-661.4302368164062
485,46.64825439453125,-741.90869140625
486,-57.461090087890625,-700.8727416992188
487,-40.63151550292969,-433.4884033203125
488,50.954498291015625,-998.2395629882812
489,-58.45631408691406,-328.1513671875
490,-76.14370727539062,-1019.45263671875
491,-31.479888916015625,-454.2580871582031
492,-75.4228515625,-652.8635864257812
493,32.40521240234375,-826.1539916992188
494,10.12738037109375,-850.7587890625
495,-89.78756713867188,-717.7963256835938
496,-42.347015380859375,-295.5042419433594
497,6.294464111328125,-705.7223510742188
498,-72.27590942382812,-565.3497924804688
499,-68.62088012695312,-486.7971496582031
500,-210.1090545654297,-264.3393859863281
501,-28.801177978515625,-683.6110229492188
502,-68.75677490234375,-606.3171997070312
503,52.512054443359375,-518.7531127929688
504,-28.2734375,-687.3158569335938
505,14.993804931640625,-797.30029296875
506,-65.7005615234375,-626.1002197265625
507,-187.87936401367188,-564.3651733398438
508,-47.18988037109375,-599.25830078125
509,-234.81396484375,-495.2225036621094
510,-24.711944580078125,-736.1826171875
511,-125.29345703125,-464.6800842285156
512,-12.175567626953125,-816.0914916992188
513,-0.262847900390625,-694.5812377929688
514,-101.08984375,-642.0880737304688
515,56.282440185546875,-974.1657104492188
516,-21.901824951171875,-682.9130249023438
517,-153.17181396484375,-439.6302795410156
518,-86.94207763671875,-583.8496704101562
519,-186.4142303466797,-480.1271057128906
520,-50.570098876953125,-662.3923950195312
521,-74.01705932617188,-395.8199157714844
522,-57.49855041503906,-373.7078552246094
523,-23.851287841796875,-550.1635131835938
524,-67.12741088867188,-554.3324584960938
525,9.6407470703125,-623.7584838867188
526,-201.0517578125,-503.9595031738281
527,-0.75164794921875,-809.0928344726562
528,-131.85556030273438,-539.4260864257812
529,-175.71139526367188,-604.843994140625
530,-91.83340454101562,-761.44873046875
531,-78.41421508789062,-727.1321411132812
532,-76.79977416992188,-578.7681274414062
533,-72.75244140625,-517.309814453125
534,-80.2032470703125,-654.6013793945312
535,-9.2681884765625,-949.8234252929688
536,-10.47540283203125,-622.419921875
537,-49.93402099609375,-966.9700317382812
538,-92.51620483398438,-666.9467163085938
539,-60.877777099609375,-726.8427124023438
540,40.64459228515625,-922.94580078125
541,-78.89535522460938,-854.817138671875
542,-84.90127563476562,-439.481689453125
543,18.57476806640625,-611.2896118164062
544,-18.675445556640625,-730.4872436523438
545,-110.14926147460938,-643.3892822265625
546,58.8179931640625,-764.8212890625
547,-145.86581420898438,-546.7639770507812
548,-61.84490966796875,-691.649169921875
549,-1.09014892578125,-783.8014526367188
550,-190.08612060546875,-775.7509765625
551,21.427459716796875,-688.738037109375
552,66.300048828125,-698.4636840820312
553,-107.24502563476562,-552.2769165039062
554,-22.27880859375,-527.6942749023438
555,-60.0274658203125,-352.701416015625
556,-16.524383544921875,-839.7863159179688
557,-64.1444091796875,-617.7626342773438
558,-142.96112060546875,-422.4615173339844
559,-13.2601318359375,-585.8057250976562
560,-88.92013549804688,-453.8891296386719
561,-91.965576171875,-853.0869140625
562,-54.766815185546875,-471.2926330566406
563,-23.316680908203125,-587.2471313476562
564,-8.410491943359375,-883.9191284179688
565,-41.158660888671875,-694.5478515625
566,-77.56753540039062,-479.1012878417969
567,-61.126068115234375,-769.646728515625
568,-37.858245849609375,-709.5808715820312
569,-38.556732177734375,-479.3656311035156
570,-168.0157470703125,-376.8958740234375
571,84.77243041992188,-674.8441772460938
572,-7.67364501953125,-456.8221740722656
573,-96.36279296875,-623.6953735351562
574,-55.90753173828125,-539.045654296875
575,-75.85995483398438,-718.4328002929688
576,-127.11550903320312,-419.22412109375
577,-28.014678955078125,-570.817626953125
578,50.66357421875,-710.2666015625
579,-36.71258544921875,-274.4859924316406
580,-191.63125610351562,-339.2157897949219
581,57.7264404296875,-833.1828002929688
582,-0.2890625,-475.5378112792969
583,-216.68267822265625,-442.423828125
584,-121.94976806640625,-595.819580078125
585,-43.4744873046875,-839.1386108398438
586,40.14111328125,-660.159423828125
587,-120.415283203125,-159.02598571777344
588,-55.739715576171875,-792.8772583007812
589,-110.08004760742188,-750.9741821289062
590,-109.597900390625,-299.814453125
591,84.9273681640625,-840.4234008789062
592,-9.208099365234375,-686.2163696289062
593,-114.877197265625,-438.7146301269531
594,-89.97854614257812,-626.7286987304688
595,34.52044677734375,-570.4426879882812
596,-193.8314971923828,-386.3216857910156
597,40.616729736328125,-556.21630859375
598,-105.15863037109375,-801.393798828125
599,-111.16937255859375,-698.8634643554688
600,-52.657318115234375,-709.9447631835938
601,-25.581207275390625,-895.0348510742188
602,-184.6453857421875,-683.6723022460938
603,-120.47216796875,-518.4986572265625
604,-59.34210205078125,-883.75244140625
605,-328.81268310546875,-289.37200927734375
606,-114.53109741210938,-574.4528198242188
607,-12.8541259765625,-778.13232421875
608,-51.54583740234375,-818.23291015625
609,-54.148651123046875,-784.0680541992188
610,80.6478271484375,-765.301513671875
611,-10.411712646484375,-691.7335815429688
612,-30.688262939453125,-703.8036499023438
613,-36.330047607421875,-454.186279296875
614,-184.7547607421875,-869.2484741210938
615,-89.31491088867188,-713.73388671875
616,-139.4547119140625,-1006.8876953125
617,-45.88885498046875,-775.0770874023438
618,-64.23733520507812,-623.854248046875
619,-112.7569580078125,-987.8619995117188
620,-43.997650146484375,-791.3330078125
621,-22.875579833984375,-514.9003295898438
622,-209.96047973632812,-470.3353271484375
623,-22.381591796875,-1081.5462646484375
624,-18.41552734375,-567.9177856445312
625,46.341766357421875,-641.5448608398438
626,-49.827484130859375,-423.6248474121094
627,-123.21151733398438,-621.3723754882812
628,54.7279052734375,-560.33642578125
629,-238.18045043945312,-677.0095825195312
630,-65.83303833007812,-1029.857421875
631,157.22647094726562,-927.5372924804688
632,-45.74615478515625,-398.1778564453125
633,97.71237182617188,-820.2626953125
634,91.82357788085938,-897.873779296875
635,-171.73056030273438,-649.984619140625
636,-30.50555419921875,-750.33740234375
637,-259.61285400390625,-961.3782348632812
638,-29.7659912109375,-599.0535278320312
639,81.4498291015625,-348.2091064453125
640,-24.36102294921875,-790.1301879882812
641,-161.24258422851562,-812.88671875
642,-93.26214599609375,-500.7337951660156
643,-198.778076171875,-757.3634643554688
644,64.81195068359375,-793.5068359375
645,85.51254272460938,-664.4738159179688
646,-133.72152709960938,-615.3350219726562
647,-68.3453369140625,-1086.8267822265625
648,-129.54397583007812,-597.9959106445312
649,-20.85101318359375,-587.404541015625
650,20.723068237304688,-312.9619445800781
651,-72.22238159179688,-402.407958984375
652,64.92398071289062,-610.0925903320312
653,-107.7110595703125,-861.4573364257812
654,-98.19863891601562,-267.5154113769531
655,-67.10385131835938,-262.8996276855469
656,65.90066528320312,-847.9236450195312
657,-109.54586791992188,-566.1288452148438
658,-124.67800903320312,-650.665771484375
659,-130.29006958007812,-796.6486206054688
660,-75.799560546875,-381.444580078125
661,-89.44436645507812,-614.7018432617188
662,-193.36056518554688,-563.691650390625
663,-143.41290283203125,-915.6210327148438
664,14.981781005859375,-697.99951171875
665,-28.728546142578125,-531.0022583007812
666,-82.2015380859375,-328.6855163574219
667,-38.8045654296875,-697.40771484375
668,-12.119140625,-395.9471435546875
669,-26.074462890625,-677.7847290039062
670,1.31494140625,-985.0554809570312
671,37.894866943359375,-629.6866455078125
672,-65.99746704101562,-1006.4537963867188
673,-45.935302734375,-1077.3270263671875
674,-124.61471557617188,-475.6553039550781
675,7.595550537109375,-635.512451171875
676,-108.84063720703125,-583.9644775390625
677,-12.818878173828125,-608.072509765625
678,-109.84860229492188,-231.9932098388672
679,22.878692626953125,-429.3971862792969
680,-17.158935546875,-367.0265808105469
681,-42.040252685546875,-404.0205993652344
682,65.45835876464844,-446.4940185546875
683,-59.1124267578125,-676.8364868164062
684,-43.89453125,-664.297119140625
685,6.4453125,-775.9878540039062
686,-72.59719848632812,-401.59912109375
687,-113.22970581054688,-728.8263549804688
688,-74.4384765625,-768.4898071289062
689,-170.32998657226562,-381.0862121582031
690,115.88369750976562,-834.0720825195312
691,-24.987457275390625,-717.154296875
692,-130.68678283691406,-268.4222717285156
693,-43.91497802734375,-572.1467895507812
694,-77.83535766601562,-645.4744262695312
695,79.62130737304688,-791.48388671875
696,-25.013458251953125,-386.6349792480469
697,96.20919799804688,-530.4755249023438
698,32.98876953125,-1127.3880615234375
699,-92.99481201171875,-546.6211547851562
700,-104.19522094726562,-639.3474731445312
701,-0.0478515625,-642.0322875976562
702,-91.34872436523438,-776.6281127929688
703,-90.89373779296875,-612.3256225585938
704,23.40301513671875,-687.039794921875
705,-99.3839111328125,-1077.4635009765625
706,54.855224609375,-942.068115234375
707,-141.10406494140625,-747.199951171875
708,8.261993408203125,-673.9924926757812
709,-38.60650634765625,-513.93603515625
710,-77.93173217773438,-492.2950134277344
711,-79.34317016601562,-508.9241027832031
712,-123.14266967773438,-445.298828125
713,-45.2315673828125,-673.7573852539062
714,-26.67657470703125,-941.1105346679688
715,-102.392822265625,-714.0127563476562
716,-190.1317596435547,-93.6226577758789
717,-28.810516357421875,-834.51708984375
718,-45.37432861328125,-858.4258422851562
719,-284.9595642089844,-349.7188415527344
720,-106.09017944335938,-210.53338623046875
721,-37.982025146484375,-385.9129638671875
722,-53.03662109375,-203.0692596435547
723,-164.8134765625,-489.4623718261719
724,34.309814453125,-727.0646362304688
725,-98.2955322265625,-491.9287109375
726,130.72979736328125,-672.5419311523438
727,-208.21817016601562,-621.1454467773438
728,-48.80213928222656,-459.7464904785156
729,1.0450439453125,-518.5258178710938
730,-41.51861572265625,-888.2122192382812
731,-82.85836791992188,-884.2861328125
732,-53.39849853515625,-439.9344787597656
733,-110.11868286132812,-815.3386840820312
734,-46.09002685546875,-588.2838745117188
735,-142.74237060546875,-556.8519287109375
736,-50.834747314453125,-589.3943481445312
737,-26.87628173828125,-152.7191162109375
738,60.891845703125,-1015.44970703125
739,-38.835906982421875,-745.4505004882812
740,-45.139617919921875,-659.8379516601562
741,-72.3826904296875,-593.1485595703125
742,-139.76800537109375,-980.5885620117188
743,34.735443115234375,-502.3909606933594
744,-12.2412109375,-787.6796875
745,-172.22909545898438,-931.720458984375
746,-188.07566833496094,-277.5621643066406
747,53.632293701171875,-775.0529174804688
748,-11.0718994140625,-645.290771484375
749,-71.83901977539062,-824.4977416992188
750,-96.158447265625,-536.006103515625
751,-196.67062377929688,-485.0312194824219
752,-44.108489990234375,-647.9762573242188
753,-140.74765014648438,-425.2755432128906
754,-89.21682739257812,-689.0280151367188
755,-178.3558349609375,-500.70849609375
756,-28.07269287109375,-546.0709838867188
757,-105.18197631835938,-651.42724609375
758,-43.826873779296875,-899.6600952148438
759,-71.40219116210938,-609.4025268554688
760,-128.172119140625,-851.7078247070312
761,-49.417755126953125,-677.9496459960938
762,-232.96484375,-684.3235473632812
763,-13.12030029296875,-848.6742553710938
764,-59.491790771484375,-684.369873046875
765,-5.540771484375,-1322.27783203125
766,-62.812408447265625,-674.935546875
767,42.966217041015625,-835.2556762695312
768,42.58074951171875,-509.515869140625
769,-26.127960205078125,-800.8882446289062
770,-88.4659423828125,-496.7447204589844
771,86.24838256835938,-929.28515625
772,-243.05618286132812,-318.1080017089844
773,-22.03619384765625,-710.1386108398438
774,-43.9136962890625,-782.1637573242188
775,-52.379241943359375,-648.5205688476562
776,-98.4373779296875,-352.4962463378906
777,-145.3050994873047,-230.28472900390625
778,-27.51397705078125,-695.2345581054688
779,-137.54876708984375,-322.45263671875
780,47.590362548828125,-737.7537231445312
781,-26.3758544921875,-667.4628295898438
782,37.69732666015625,-793.0722045898438
783,-39.980499267578125,-576.8032836914062
784,59.170379638671875,-747.429931640625
785,-59.615875244140625,-487.1675720214844
786,-93.8248291015625,-748.3123168945312
787,-90.42373657226562,-656.7578125
788,-115.477294921875,-631.8309326171875
789,-131.30642700195312,-753.4478149414062
790,-142.83645629882812,-584.185791015625
791,-245.16552734375,-445.9244079589844
792,-50.24627685546875,-630.3265991210938
793,-103.09210205078125,-426.78564453125
794,-18.0130615234375,-528.07568359375
795,-58.04412841796875,-724.19384765625
796,5.064178466796875,-761.3764038085938
797,-85.37713623046875,-683.278076171875
798,-23.5394287109375,-594.3305053710938
799,-55.91168212890625,-954.6046752929688
800,63.979156494140625,-871.5285034179688
801,-77.48052978515625,-481.5906677246094
802,50.356536865234375,-754.4627075195312
803,-114.832763671875,-561.2344970703125
804,-122.14486694335938,-354.1138916015625
805,-70.5670166015625,-968.159912109375
806,12.4034423828125,-463.6258850097656
807,-203.45359802246094,-202.2722625732422
808,-122.06610107421875,-884.80615234375
809,-45.056793212890625,-607.6382446289062
810,-61.90509033203125,-893.560546875
811,-96.86813354492188,-473.552978515625
812,-136.338134765625,-464.8740539550781
813,-0.70703125,-730.1359252929688
814,-5.543182373046875,-673.4069213867188
815,39.138092041015625,-795.48388671875
816,9.95654296875,-394.3902893066406
817,-72.10488891601562,-604.4140625
818,84.79031372070312,-663.3623657226562
819,-132.43663024902344,-574.0187377929688
820,-47.59904479980469,-505.8775329589844
821,14.333831787109375,-560.9970092773438
822,-34.040802001953125,-540.2898559570312
823,-31.639739990234375,-661.0848999023438
824,-127.76702880859375,-645.1641235351562
825,61.83551025390625,-521.3562622070312
826,-26.439483642578125,-462.7673034667969
827,165.2657470703125,-1293.2774658203125
828,48.93475341796875,-793.1818237304688
829,114.12667846679688,-760.5314331054688
830,44.209014892578125,-539.0567016601562
831,-167.57847595214844,-392.9422302246094
832,5.28839111328125,-1085.7080078125
833,-105.6839599609375,-516.44140625
834,4.767791748046875,-581.378662109375
835,-70.4237060546875,-642.3941040039062
836,-40.07171630859375,-160.5801544189453
837,125.03005981445312,-762.3645629882812
838,135.012939453125,-698.8517456054688
839,-87.66290283203125,-287.8014831542969
840,46.84075927734375,-434.2240295410156
841,-164.38827514648438,-662.067138671875
842,-41.860443115234375,-446.0972900390625
843,59.947906494140625,-307.5271911621094
844,-63.75823974609375,-404.260009765625
845,-103.05197143554688,-343.9361572265625
846,-175.68069458007812,-347.8037414550781
847,-126.43960571289062,-699.9168090820312
848,-113.2442626953125,-564.0262451171875
849,49.25389099121094,-658.864013671875
850,-170.87930297851562,-638.4887084960938
851,-25.854949951171875,-1113.3394775390625
852,-218.14955139160156,-676.43994140625
853,-67.71682739257812,-493.7221374511719
854,-152.80355834960938,-1447.8060302734375
855,-66.86508178710938,-546.947021484375
856,109.82229614257812,-963.5853881835938
857,-55.27604675292969,-310.75286865234375
858,-51.6334228515625,-508.6329040527344
859,-26.790283203125,-770.70263671875
860,-89.70388793945312,-1115.2581787109375
861,-46.585723876953125,-62.99489974975586
862,-218.12515258789062,-533.7760620117188
863,-116.23379516601562,-818.6500854492188
864,-114.52261352539062,-623.4579467773438
865,31.089752197265625,-250.21983337402344
866,5.80157470703125,-624.7074584960938
867,22.59521484375,-616.5730590820312
868,40.3184814453125,-496.7434387207031
869,7.52117919921875,-602.0830078125
870,-100.87814331054688,-731.396484375
871,-132.29510498046875,-562.0679321289062
872,-62.2022705078125,-762.9306640625
873,-213.84629821777344,-505.0540466308594
874,-16.97052001953125,-788.2200317382812
875,-26.4263916015625,-993.241455078125
876,-66.16973876953125,-767.8974609375
877,-120.07220458984375,-713.2903442382812
878,86.16647338867188,-908.9349975585938
879,-137.79693603515625,-976.5045776367188
880,-121.04098510742188,-587.1165161132812
881,-63.336669921875,-684.7194213867188
882,47.53125,-385.115234375
883,-85.06143188476562,-147.9796600341797
884,-40.31353759765625,-619.4668579101562
885,-7.21136474609375,-434.0782775878906
886,-61.623870849609375,-989.1471557617188
887,-134.572265625,-387.6531677246094
888,30.279937744140625,-703.1488647460938
889,-191.58367919921875,-507.530517578125
890,40.121368408203125,-546.2323608398438
891,-22.62451171875,-320.0396728515625
892,-30.793548583984375,-628.3932495117188
893,-115.96026611328125,-614.2645874023438
894,-95.63796997070312,-447.5704040527344
895,-63.84234619140625,-784.0441284179688
896,34.9503173828125,-850.859375
897,105.472412109375,-581.5220336914062
898,-186.37393188476562,-397.1910095214844
899,21.136962890625,-725.4020385742188
900,-110.23529052734375,-569.3673095703125
901,80.15512084960938,-709.1670532226562
902,-60.128753662109375,-819.4501953125
903,30.5887451171875,-694.65478515625
904,161.56265258789062,-487.6687927246094
905,-109.09747314453125,-1034.4010009765625
906,41.516082763671875,-665.2467651367188
907,-124.2557373046875,-199.5313262939453
908,-113.81463623046875,-565.0309448242188
909,-18.8900146484375,-504.5679016113281
910,27.41510009765625,-420.9971618652344
911,-21.525665283203125,-577.3543090820312
912,-95.93017578125,-250.03131103515625
913,28.54931640625,-441.9255065917969
914,-321.4361877441406,-374.8481140136719
915,-66.43466186523438,-1019.1018676757812
916,-0.73443603515625,-588.1066284179688
917,-168.85903930664062,-381.5526428222656
918,-71.82778930664062,-594.31982421875
919,-117.44009399414062,-620.5717163085938
920,-68.53244018554688,-652.7023315429688
921,-104.93820190429688,-1065.3739013671875
922,28.665069580078125,-586.7427368164062
923,-56.005828857421875,-819.068115234375
924,-11.528961181640625,-679.49560546875
925,-33.6683349609375,-469.8773498535156
926,-91.782958984375,-442.6514892578125
927,-73.02767944335938,-686.9816284179688
928,-101.02597045898438,-710.626708984375
929,-136.20245361328125,-599.6478881835938
930,-17.28778076171875,-730.0518188476562
931,-85.40603637695312,-455.5335388183594
932,-234.62576293945312,-626.4046020507812
933,-84.94306945800781,-524.5056762695312
934,-245.56741333007812,-873.6638793945312
935,-110.25665283203125,-771.7453002929688
936,15.5394287109375,-429.6253662109375
937,56.933135986328125,-766.6447143554688
938,-147.12399291992188,-980.9457397460938
939,43.9603271484375,-810.3427124023438
940,18.4906005859375,-428.556396484375
941,-128.91116333007812,-906.2001342773438
942,63.224334716796875,-645.9216918945312
943,-43.285064697265625,-789.0673828125
944,77.24371337890625,-814.7332153320312
945,-104.10458374023438,-828.681640625
946,2.47210693359375,-893.0640258789062
947,-81.4461669921875,-571.126708984375
948,-146.938720703125,-1063.14794921875
949,-135.7879180908203,-515.868896484375
950,51.398101806640625,-652.7651977539062
951,-64.06442260742188,-685.15966796875
952,-25.34051513671875,-935.0559692382812
953,-124.15911865234375,-677.2448120117188
954,-86.0169677734375,-943.3532104492188
955,-129.42007446289062,-407.89892578125
956,59.77850341796875,-835.9865112304688
957,-84.0478515625,-573.6925659179688
958,107.69253540039062,-967.326416015625
959,-10.224853515625,-574.7891235351562
960,-25.626861572265625,-689.7978515625
961,-15.487701416015625,-941.7506713867188
962,-7.302490234375,-979.1396484375
963,-30.294586181640625,-534.38720703125
964,-113.49697875976562,-781.29248046875
965,-131.48779296875,-556.3084716796875
966,-21.83197021484375,-405.5296630859375
967,2.821746826171875,-696.292724609375
968,25.176467895507812,-762.298583984375
969,-125.08927917480469,-215.46336364746094
970,-149.0460968017578,106.0184555053711
971,-33.2130126953125,-769.3792114257812
972,-27.147430419921875,-862.346923828125
973,-3.338623046875,-818.1281127929688
974,1.429229736328125,-563.6445922851562
975,8.973541259765625,-684.61962890625
976,-122.84744262695312,-613.7166137695312
977,-70.51708984375,-461.9313049316406
978,-96.54385375976562,-379.7123107910156
979,86.129638671875,-976.1669921875
980,-134.23745727539062,-642.3509521484375
981,-98.75625610351562,-427.9425964355469
982,-111.8172607421875,-780.2685546875
983,-35.572021484375,-491.3409729003906
984,56.481719970703125,-643.1250610351562
985,-59.462554931640625,-937.794189453125
986,-107.50717163085938,-319.6080017089844
987,18.181854248046875,-729.1728515625
988,126.9705810546875,-882.8911743164062
989,-132.58352661132812,-894.154296875
990,-154.102294921875,-677.2830200195312
991,38.63299560546875,-477.2581481933594
992,-234.66734313964844,-423.3993225097656
993,-132.90432739257812,-636.7948608398438
994,56.616058349609375,-860.9096069335938
995,-21.02105712890625,-437.595458984375
996,-27.66082763671875,-620.0492553710938
997,41.93243408203125,-698.3065795898438
998,-131.41461181640625,-532.4402465820312
999,-63.112030029296875,-773.4939575195312
1000,-31.502716064453125,-622.0808715820312
